<application>
  <component name="com.intellij.ide.ui.customization.CustomActionsSchema">
    <group value="MainToolBarSettings" is_group="true" forse_popup="false" action_type="-1" position="10">
      <path value="root" />
      <path value="Main Toolbar" />
    </group>
    <group seperator="true" action_type="-1" position="9">
      <path value="root" />
      <path value="Main Toolbar" />
    </group>
    <group value="Forward" is_action="true" action_type="-1" position="6">
      <path value="root" />
      <path value="Main Toolbar" />
    </group>
    <group value="Back" is_action="true" action_type="-1" position="5">
      <path value="root" />
      <path value="Main Toolbar" />
    </group>
    <group value="ToolbarFindGroup" is_group="true" forse_popup="false" action_type="-1" position="4">
      <path value="root" />
      <path value="Main Toolbar" />
    </group>
    <group seperator="true" action_type="-1" position="3">
      <path value="root" />
      <path value="Main Toolbar" />
    </group>
    <group value="Synchronize" is_action="true" action_type="-1" position="2">
      <path value="root" />
      <path value="Main Toolbar" />
    </group>
    <group value="Coverage" is_action="true" action_type="-1" position="2">
      <path value="root" />
      <path value="Main Toolbar" />
      <path value="Toolbar Run Actions" />
      <path value="Run/Debug" />
    </group>
    <group value="SaveAll" is_action="true" action_type="-1" position="1">
      <path value="root" />
      <path value="Main Toolbar" />
    </group>
    <group value="OpenFile" is_action="true" action_type="-1" position="0">
      <path value="root" />
      <path value="Main Toolbar" />
    </group>
  </component>
</application>