<application>
  <component name="CodeInsightSettings">
    <option name="AUTO_POPUP_COMPLETION_LOOKUP" value="false" />
  </component>
  <component name="CodeVisionSettings">
    <option name="codeVisionGroupToPosition">
      <map>
        <entry key="inheritors" value="Default" />
        <entry key="problems" value="Default" />
        <entry key="references" value="Default" />
        <entry key="vcs.code.vision" value="Default" />
      </map>
    </option>
    <option name="defaultPosition" value="Right" />
    <option name="disabledCodeVisionProviderIds">
      <set>
        <option value="inheritors" />
        <option value="problems" />
        <option value="references" />
        <option value="vcs.code.vision" />
      </set>
    </option>
    <option name="enabled" value="false" />
  </component>
  <component name="DaemonCodeAnalyzerSettings">
    <option name="AUTOREPARSE_DELAY" value="0" />
  </component>
  <component name="DeclarativeInlayHintsSettings">
    <option name="providerIdToEnabled">
      <map>
        <entry key="java.implicit.types" value="false" />
        <entry key="java.method.chains" value="false" />
        <entry key="js.chain.hints" value="false" />
        <entry key="js.type.hints" value="false" />
        <entry key="ts.chain.hints" value="false" />
        <entry key="ts.enum.hints" value="false" />
        <entry key="ts.type.hints" value="false" />
      </map>
    </option>
  </component>
  <component name="EditorSettings">
    <option name="USE_SOFT_WRAPS" value="MAIN_EDITOR:CONSOLE" />
    <option name="SOFT_WRAP_FILE_MASKS" value="*.md; *.txt; *.rst; *.adoc" />
    <option name="STRIP_TRAILING_SPACES" value="Whole" />
    <option name="IS_ENSURE_NEWLINE_AT_EOF" value="true" />
    <option name="ENABLE_RENDERED_DOC" value="true" />
    <option name="IS_INDENT_GUIDES_SHOWN" value="false" />
    <option name="IS_DND_ENABLED" value="false" />
    <option name="IS_WHEEL_FONTCHANGE_ENABLED" value="true" />
  </component>
  <component name="InlayHintsSettings">
    <option name="disabledHintProviderIds">
      <set>
        <option value="Groovy.groovy.implicit.null.argument.hint" />
        <option value="Groovy.groovy.parameters.hints" />
        <option value="Groovy.groovy.variable.type.hints" />
        <option value="JAVA.annotation.hints" />
        <option value="Markdown.MarkdownTableInlayProviderSettingsKey" />
        <option value="SQL.sql.join.cardinality.hints" />
        <option value="kotlin.kotlin.call.chains.hints" />
        <option value="kotlin.kotlin.lambdas.hints" />
        <option value="kotlin.kotlin.references.types.hints" />
        <option value="kotlin.kotlin.values.hints" />
        <option value="kotlin.microservices.url.path.inlay.hints" />
      </set>
    </option>
    <option name="enabled" value="false" />
    <option name="lastViewedProviderKeyId" value="" />
    <settingsMapElement>
      <Groovy.groovy.parameters.hints>
        <Settings>
          <option name="showInferredParameterTypes" value="false" />
          <option name="showTypeParameterList" value="false" />
        </Settings>
      </Groovy.groovy.parameters.hints>
      <kotlin.kotlin.values.hints>
        <Settings>
          <option name="ranges" value="false" />
        </Settings>
      </kotlin.kotlin.values.hints>
      <JAVA.annotation.hints>
        <Settings>
          <option name="showExternal" value="false" />
        </Settings>
      </JAVA.annotation.hints>
      <kotlin.kotlin.lambdas.hints>
        <Settings>
          <option name="implicitReceiversAndParams" value="false" />
          <option name="returnExpressions" value="false" />
        </Settings>
      </kotlin.kotlin.lambdas.hints>
    </settingsMapElement>
  </component>
  <component name="JSEditorOptions">
    <option name="ESCAPE_PASTED_TEXT" value="false" />
  </component>
  <component name="LiveEditOptions" chromeUpdateJSOnChanges="true" />
  <component name="TodoConfiguration">
    <pattern pattern="\btodo\b.*" />
    <pattern pattern="\bfixme\b.*" />
    <pattern useCustomColors="true" case-sensitive="true" pattern="\bTASK\b">
      <option name="FOREGROUND" value="bf1020" />
      <option name="FONT_TYPE" value="3" />
      <option name="ERROR_STRIPE_COLOR" value="54aae3" />
    </pattern>
    <pattern useCustomColors="true" case-sensitive="true" pattern="\bCONTEXT\b">
      <option name="FOREGROUND" value="9bf14" />
      <option name="BACKGROUND" value="ffffff" />
      <option name="FONT_TYPE" value="3" />
    </pattern>
    <pattern useCustomColors="true" case-sensitive="true" pattern="\bPORTING\b">
      <option name="FOREGROUND" value="bf1520" />
      <option name="FONT_TYPE" value="3" />
      <option name="ERROR_STRIPE_COLOR" value="e3252d" />
    </pattern>
    <pattern useCustomColors="true" case-sensitive="true" pattern="\bLANDMARK\b">
      <option name="FOREGROUND" value="10b030" />
      <option name="FONT_TYPE" value="2" />
    </pattern>
    <pattern useCustomColors="true" case-sensitive="true" pattern="\bANALYZE\b">
      <option name="FOREGROUND" value="a5b000" />
      <option name="FONT_TYPE" value="2" />
    </pattern>
    <pattern useCustomColors="true" case-sensitive="true" pattern="\bREVIEW\b">
      <option name="FOREGROUND" value="b0b004" />
      <option name="FONT_TYPE" value="2" />
    </pattern>
    <pattern useCustomColors="true" case-sensitive="true" pattern="\bPOST-RELEASE\b">
      <option name="FOREGROUND" value="b07200" />
      <option name="FONT_TYPE" value="2" />
    </pattern>
    <pattern useCustomColors="true" case-sensitive="true" pattern="\bTRANSLATE\b">
      <option name="FOREGROUND" value="c8c900" />
      <option name="FONT_TYPE" value="2" />
    </pattern>
    <pattern useCustomColors="true" case-sensitive="true" pattern="\bTONY\b">
      <option name="FOREGROUND" value="b02a4e" />
      <option name="FONT_TYPE" value="1" />
    </pattern>
    <filter name="Tasks only">
      <pattern index="7" />
      <pattern index="2" />
    </filter>
    <filter name="Context">
      <pattern index="3" />
    </filter>
    <filter name="Porting">
      <pattern index="4" />
    </filter>
    <filter name="Landmarks">
      <pattern index="5" />
    </filter>
    <filter name="Stuff to analyze">
      <pattern index="6" />
    </filter>
    <filter name="Post-release">
      <pattern index="8" />
    </filter>
    <filter name="Translations">
      <pattern index="9" />
    </filter>
    <filter name="Tony Tasks">
      <pattern index="10" />
    </filter>
    <filter name="FIXME">
      <pattern index="1" />
    </filter>
  </component>
</application>