<application>
  <component name="ProjectManager">
    <defaultProject>
      <component name="ClojureProjectResolveSettings">
        <currentScheme>IDE</currentScheme>
      </component>
      <component name="DepsLocalSettings">
        <option name="repoId" value="" />
        <option name="repoUrl" value="" />
        <option name="projectSyncType">
          <map>
            <entry key="$USER_HOME$/fulcrologic/ucv" value="PREVIEW" />
          </map>
        </option>
      </component>
      <component name="PropertiesComponent"><![CDATA[{
  "keyToString": {
    "settings.editor.selected.configurable": "preferences.pluginManager"
  }
}]]></component>
      <component name="SbtLocalSettings">
        <option name="projectSyncType">
          <map>
            <entry key="$USER_HOME$/scalajs" value="PREVIEW" />
          </map>
        </option>
      </component>
      <component name="ScalaSbtSettings">
        <option name="customVMPath" />
      </component>
      <component name="WindowStateProjectService">
        <state x="229" y="69" key="SettingsEditor" timestamp="1693844738570">
          <screen x="0" y="25" width="1440" height="875" />
        </state>
        <state x="229" y="69" key="SettingsEditor/0.25.1440.875" timestamp="1693844738570" />
      </component>
      <component name="masterDetails">
        <states>
          <state key="ProjectJDKs.UI">
            <settings>
              <last-edited>11</last-edited>
              <splitter-proportions>
                <option name="proportions">
                  <list>
                    <option value="0.2" />
                  </list>
                </option>
              </splitter-proportions>
            </settings>
          </state>
        </states>
      </component>
    </defaultProject>
  </component>
</application>