<application>
  <component name="ReplCommandManager">
    <repl-command name="Restart Server" executionType="EXPRESSION" selectedForm="TOP_FORM" commandText="(when (nil? (System/getProperty &quot;test&quot;))&#10;  (development/restart))" echo="FORM" addToHistory="true" executeBefore="NONE" executeAfter="NONE" executionNs="REPL_CURRENT" inNamespace="development" saveAll="true" clearRepl="false" printOutput="true" replaceForm="false" copyResult="false" insertIntoEditor="false" />
    <repl-command name="Reload all nses" executionType="EXPRESSION" selectedForm="TOP_FORM" commandText="(require 'clojure.tools.namespace.repl)&#10;(clojure.tools.namespace.repl/refresh-all)" echo="FORM" addToHistory="true" executeBefore="LOAD_CURRENT" executeAfter="NONE" executionNs="REPL_CURRENT" inNamespace="user" saveAll="true" clearRepl="false" printOutput="true" replaceForm="false" copyResult="false" insertIntoEditor="false" />
    <repl-command name="Run focused tests" executionType="EXPRESSION" selectedForm="TOP_FORM" commandText="(in-ns (.getName *ns*))&#10;(require 'fulcro-spec.reporters.repl)&#10;(when (System/getProperty &quot;test&quot;)&#10;  (fulcro-spec.reporters.repl/run-tests #(:focus (meta %))))" echo="FORM" addToHistory="true" executeBefore="LOAD_CURRENT" executeAfter="NONE" executionNs="REPL_CURRENT" inNamespace="" saveAll="true" clearRepl="false" printOutput="true" replaceForm="false" copyResult="false" insertIntoEditor="false" />
    <repl-command name="Run tests" executionType="EXPRESSION" selectedForm="TOP_FORM" commandText="(in-ns (.getName *ns*))&#10;(require 'fulcro-spec.reporters.repl)&#10;(when (System/getProperty &quot;test&quot;)&#10;  (fulcro-spec.reporters.repl/run-tests))" echo="FORM" addToHistory="true" executeBefore="LOAD_CURRENT" executeAfter="NONE" executionNs="REPL_CURRENT" inNamespace="" saveAll="true" clearRepl="false" printOutput="true" replaceForm="false" copyResult="false" insertIntoEditor="false" />
    <repl-command name="Go!" executionType="EXPRESSION" selectedForm="TOP_FORM" commandText="(clojure.core/require 'development)&#10;(clojure.core/when-not (System/getProperty &quot;test&quot;)&#10;  (development/start))" echo="FORM" addToHistory="true" executeBefore="NONE" executeAfter="NONE" executionNs="REPL_CURRENT" inNamespace="development" saveAll="true" clearRepl="false" printOutput="true" replaceForm="false" copyResult="false" insertIntoEditor="false" />
    <repl-command name="Simple Server Restart" executionType="EXPRESSION" selectedForm="TOP_FORM" commandText="(when-not (System/getProperty &quot;test&quot;)&#10;  (development/stop)&#10;  (development/start))" echo="FORM" addToHistory="true" executeBefore="SYNC_ALL" executeAfter="NONE" executionNs="REPL_CURRENT" inNamespace="development" saveAll="true" clearRepl="false" printOutput="true" replaceForm="false" copyResult="false" insertIntoEditor="false" />
    <repl-command name="UUID Gen" executionType="EXPRESSION" selectedForm="TOP_FORM" commandText="(require '[com.fulcrologic.rad.ids :refer [new-uuid]])&#10;(new-uuid)" echo="FORM" addToHistory="true" executeBefore="NONE" executeAfter="NONE" executionNs="REPL_CURRENT" inNamespace="user" saveAll="false" clearRepl="false" printOutput="true" replaceForm="false" copyResult="false" insertIntoEditor="false" />
    <repl-command name="Remove current NS" executionType="EXPRESSION" selectedForm="TOP_FORM" commandText="(remove-ns (.getName *ns*))" echo="FORM" addToHistory="true" executeBefore="NONE" executeAfter="NONE" executionNs="REPL_CURRENT" inNamespace="" saveAll="true" clearRepl="false" printOutput="true" replaceForm="false" copyResult="false" insertIntoEditor="false" />
    <repl-command name="Seed Database" executionType="EXPRESSION" selectedForm="TOP_FORM" commandText="(require '[dataico.server-components.seeds])&#10;(when-not (System/getProperty &quot;test&quot;)&#10;  (in-ns 'dataico.server-components.seeds)&#10;  (populate-accounting!)&#10;  (refresh-caches!))" echo="FORM" addToHistory="true" executeBefore="NONE" executeAfter="NONE" executionNs="REPL_CURRENT" inNamespace="dataico.server-components.seeds" saveAll="true" clearRepl="false" printOutput="true" replaceForm="false" copyResult="false" insertIntoEditor="false" />
  </component>
</application>