<application>
  <component name="CachedDictionaryState">
    <words>
      <w>addl</w>
      <w>altdef</w>
      <w>altlet</w>
      <w>conns</w>
      <w>dataico</w>
      <w>datoms</w>
      <w>defattr</w>
      <w>defblobattr</w>
      <w>defdecoder</w>
      <w>defendpoint</w>
      <w>defeventsource</w>
      <w>defmutation</w>
      <w>defoption</w>
      <w>defrefinement</w>
      <w>defresolver</w>
      <w>defrouter</w>
      <w>defsc</w>
      <w>defstate</w>
      <w>deftaskmutation</w>
      <w>festivar</w>
      <w>fulcro</w>
      <w>fulcrologic</w>
      <w>ilet</w>
      <w>lcincludes</w>
      <w>malli</w>
      <w>mkdirs</w>
      <w>ncompare</w>
      <w>nsku</w>
      <w>onboarding</w>
      <w>penv</w>
      <w>rroute</w>
      <w>sdef</w>
      <w>senv</w>
      <w>strs</w>
      <w>taoensso</w>
      <w>taudit</w>
      <w>tempfile</w>
      <w>tempid</w>
      <w>timespans</w>
      <w>txns</w>
      <w>vlast</w>
    </words>
  </component>
</application>