<application>
  <component name="Trusted.Paths">
    <option name="TRUSTED_PROJECT_PATHS">
      <map>
        <entry key="$USER_HOME$/addventures" value="true" />
        <entry key="$USER_HOME$/buggy-load" value="true" />
        <entry key="$USER_HOME$/datomic-cloud" value="true" />
        <entry key="$USER_HOME$/fulcrologic/JavaTraining" value="true" />
        <entry key="$USER_HOME$/fulcrologic/Tetris" value="true" />
        <entry key="$USER_HOME$/fulcrologic/adv-training" value="true" />
        <entry key="$USER_HOME$/fulcrologic/artlab" value="true" />
        <entry key="$USER_HOME$/fulcrologic/aws-playground" value="true" />
        <entry key="$USER_HOME$/fulcrologic/beginner-drafting" value="true" />
        <entry key="$USER_HOME$/fulcrologic/clojure-java-ai" value="true" />
        <entry key="$USER_HOME$/fulcrologic/dataico" value="true" />
        <entry key="$USER_HOME$/fulcrologic/dataico-coding-challenge" value="true" />
        <entry key="$USER_HOME$/fulcrologic/dataico-onboarding-project" value="true" />
        <entry key="$USER_HOME$/fulcrologic/dataico-training" value="true" />
        <entry key="$USER_HOME$/fulcrologic/dataico/backups" value="true" />
        <entry key="$USER_HOME$/fulcrologic/dian-spiders" value="true" />
        <entry key="$USER_HOME$/fulcrologic/drafting" value="true" />
        <entry key="$USER_HOME$/fulcrologic/dropsite-template" value="true" />
        <entry key="$USER_HOME$/fulcrologic/festivar-webapp" value="true" />
        <entry key="$USER_HOME$/fulcrologic/final-java-project" value="true" />
        <entry key="$USER_HOME$/fulcrologic/fulcro" value="true" />
        <entry key="$USER_HOME$/fulcrologic/fulcro-developer-guide" value="true" />
        <entry key="$USER_HOME$/fulcrologic/fulcro-devtools-remote" value="true" />
        <entry key="$USER_HOME$/fulcrologic/fulcro-inspect" value="true" />
        <entry key="$USER_HOME$/fulcrologic/fulcro-rad" value="true" />
        <entry key="$USER_HOME$/fulcrologic/fulcro-rad-datomic" value="true" />
        <entry key="$USER_HOME$/fulcrologic/fulcro-rad-demo" value="true" />
        <entry key="$USER_HOME$/fulcrologic/fulcro-rad-semantic-ui" value="true" />
        <entry key="$USER_HOME$/fulcrologic/fulcro-rad-template" value="true" />
        <entry key="$USER_HOME$/fulcrologic/fulcro-template" value="true" />
        <entry key="$USER_HOME$/fulcrologic/fulcro-with-statecharts" value="true" />
        <entry key="$USER_HOME$/fulcrologic/fulcrologic-webapp" value="true" />
        <entry key="$USER_HOME$/fulcrologic/guardrails" value="true" />
        <entry key="$USER_HOME$/fulcrologic/java-probe" value="true" />
        <entry key="$USER_HOME$/fulcrologic/learn-clojure" value="true" />
        <entry key="$USER_HOME$/fulcrologic/marketplace" value="true" />
        <entry key="$USER_HOME$/fulcrologic/pongGame" value="true" />
        <entry key="$USER_HOME$/fulcrologic/simplymeet" value="true" />
        <entry key="$USER_HOME$/fulcrologic/statecharts" value="true" />
        <entry key="$USER_HOME$/fulcrologic/training" value="true" />
        <entry key="$USER_HOME$/fulcrologic/ucv" value="true" />
        <entry key="$USER_HOME$/oss/clojure-mine-sweeper" value="true" />
        <entry key="$USER_HOME$/oss/encore" value="true" />
        <entry key="$USER_HOME$/oss/geotest" value="true" />
        <entry key="$USER_HOME$/oss/geotest1" value="true" />
        <entry key="$USER_HOME$/oss/mine-sweeper" value="true" />
        <entry key="$USER_HOME$/oss/nrepl-mcp-server" value="true" />
        <entry key="$USER_HOME$/oss/sente" value="true" />
        <entry key="$USER_HOME$/romania/testing" value="true" />
      </map>
    </option>
  </component>
</application>