<application>
  <component name="UISettings">
    <option name="CLOSE_NON_MODIFIED_FILES_FIRST" value="true" />
    <option name="compactTreeIndents" value="true" />
    <option name="CONSOLE_CYCLE_BUFFER_SIZE_KB" value="8024" />
    <option name="DND_WITH_PRESSED_ALT_ONLY" value="true" />
    <option name="EDITOR_TAB_LIMIT" value="60" />
    <option name="MAX_LOOKUP_WIDTH2" value="846" />
    <option name="OVERRIDE_CONSOLE_CYCLE_BUFFER_SIZE" value="true" />
    <option name="PRESENTATION_MODE_FONT_SIZE" value="36" />
    <option name="RECENT_FILES_LIMIT" value="10" />
    <option name="RECENT_LOCATIONS_LIMIT" value="100" />
    <option name="SHOW_ICONS_IN_MENUS" value="false" />
    <option name="SHOW_INPLACE_COMMENTS" value="true" />
    <option name="USE_SMALL_LABELS_ON_TABS" value="false" />
  </component>
</application>