<application>
  <component name="UpdatesConfigurable">
    <option name="CHECK_NEEDED" value="false" />
    <ignoredBuildNumbers>
      <item value="201.6668.121" />
      <item value="platforms;android-30#2" />
      <item value="202.8194.7" />
      <item value="203.5981.155" />
      <item value="203.7717.56" />
      <item value="211.7142.45" />
      <item value="211.6693.111" />
      <item value="241.19416.15" />
      <item value="243.25659.59" />
    </ignoredBuildNumbers>
    <option name="LAST_BUILD_CHECKED" value="IU-242.26775.15" />
    <option name="LAST_TIME_CHECKED" value="1752693838322" />
    <option name="OBSOLETE_CUSTOM_REPOSITORIES_CLEAN_NEEDED" value="false" />
    <option name="PLUGINS_CHECK_NEEDED" value="false" />
    <option name="SHOW_WHATS_NEW_EDITOR" value="false" />
    <option name="THIRD_PARTY_PLUGINS_ALLOWED" value="true" />
    <option name="WHATS_NEW_SHOWN_FOR" value="251" />
  </component>
</application>