<application>
  <component name="DimensionService">
    <location key="WELCOME_SCREEN.0.0.2880.1800@192dpi" x="1438" y="806" />
    <location key="ProcessPopupWindow.0.0.2880.1800@192dpi" x="2080" y="1578" />
    <location key="SettingsEditor.0.0.2880.1800@192dpi" x="0" y="46" />
    <location key="NewModule_or_Project.wizard.0.0.2880.1800@192dpi" x="144" y="186" />
    <location key="#com.intellij.openapi.updateSettings.impl.PluginUpdateInfoDialog.0.0.2880.1800@192dpi" x="816" y="396" />
    <location key="search.everywhere.popup.0.0.2880.1800@192dpi" x="770" y="446" />
    <location key="find.popup.0.0.2880.1800@192dpi" x="1106" y="216" />
    <location key="#TODO.0.0.2880.1800@192dpi" x="640" y="256" />
    <location key="IDE.errors.dialog.0.0.2880.1800@192dpi" x="598" y="410" />
    <location key="CommitChangelistDialog2.0.0.2880.1800@192dpi" x="0" y="46" />
    <location key="#com.intellij.refactoring.move.MoveHandler.SelectRefactoringDialog.0.0.2880.1800@192dpi" x="534" y="784" />
    <location key="#com.intellij.execution.impl.EditConfigurationsDialog.0.0.2880.1800@192dpi" x="368" y="250" />
    <location key="cursive.new.repl.command.dialog.dimension.0.0.2880.1800@192dpi" x="842" y="426" />
    <location key="#Notifications.0.0.2880.1800@192dpi" x="640" y="256" />
    <location key="#com.intellij.ide.actions.ChooseComponentsToExportDialog.0.0.2880.1800@192dpi" x="898" y="678" />
    <location key="com.intellij.openapi.vcs.update.UpdateOrStatusOptionsDialogupdate.0.0.2880.1800@192dpi" x="922" y="722" />
    <location key="cursive.edit.repl.commands.dialog.dimension.0.0.2880.1800@192dpi" x="640" y="256" />
    <location key="recent.locations.popup.0.0.2880.1800@192dpi" x="740" y="370" />
    <location key="Vcs.Push.Dialog.0.0.2880.1800@192dpi" x="808" y="350" />
    <location key="DiffContextDialog.0.0.2880.1800@192dpi" x="288" y="200" />
    <location key="find.popup.0.0.3440.1440" x="1370" y="539" />
    <location key="find.popup.0.0.3440.1440@120dpi" x="1371" y="539" />
    <location key="find.popup.0.0.3456.2234@192dpi" x="1376" y="860" />
    <location key="find.popup.0.0.3456.2234@240dpi" x="1378" y="860" />
    <location key="find.popup.0.0.3440.1440@144dpi" x="1370" y="539" />
    <location key="find.popup.0.0.3440.1440@168dpi" x="1370" y="374" />
    <size key="ProcessPopupWindow.0.0.2880.1800@192dpi" width="800" height="216" />
    <size key="search.everywhere.popup.0.0.2880.1800@192dpi" width="1532" height="1352" />
    <size key="GridCell.Tab.0.left.0.0.2880.1800@192dpi" width="2796" height="342" />
    <size key="GridCell.Tab.0.center.0.0.2880.1800@192dpi" width="2796" height="342" />
    <size key="GridCell.Tab.0.right.0.0.2880.1800@192dpi" width="2796" height="342" />
    <size key="GridCell.Tab.0.bottom.0.0.2880.1800@192dpi" width="2796" height="342" />
    <size key="find.popup.0.0.2880.1800@192dpi" width="1468" height="956" />
    <size key="IDE.errors.dialog.0.0.2880.1800@192dpi" width="1724" height="1034" />
    <size key="Vcs.CompareWithSelectedRevision.Popup.0.0.2880.1800@192dpi" width="600" height="600" />
    <size key="recent.locations.popup.0.0.2880.1800@192dpi" width="1400" height="1060" />
    <size key="CommitChangelistDialog2.0.0.2880.1800@192dpi" width="2880" height="1754" />
    <size key="find.popup.0.0.3440.1440" width="1173" height="703" />
    <size key="GridCell.Tab.0.left.0.0.3440.1440" width="1678" height="438" />
    <size key="GridCell.Tab.0.center.0.0.3440.1440" width="1678" height="438" />
    <size key="GridCell.Tab.0.right.0.0.3440.1440" width="1678" height="438" />
    <size key="GridCell.Tab.0.bottom.0.0.3440.1440" width="1678" height="438" />
    <size key="GridCell.Tab.1.left.0.0.2880.1800@192dpi" width="1916" height="520" />
    <size key="GridCell.Tab.1.center.0.0.2880.1800@192dpi" width="1916" height="520" />
    <size key="GridCell.Tab.1.right.0.0.2880.1800@192dpi" width="1916" height="520" />
    <size key="GridCell.Tab.1.bottom.0.0.2880.1800@192dpi" width="1916" height="520" />
    <size key="GridCell.Tab.1.left.0.0.3440.1440" width="2751" height="535" />
    <size key="GridCell.Tab.1.center.0.0.3440.1440" width="2751" height="535" />
    <size key="GridCell.Tab.1.right.0.0.3440.1440" width="2751" height="535" />
    <size key="GridCell.Tab.1.bottom.0.0.3440.1440" width="2751" height="535" />
    <size key="javadoc.popup.new.0.0.3440.1440" width="1382" height="469" />
    <size key="find.popup.0.0.3440.1440@120dpi" width="1681" height="793" />
    <size key="GridCell.Tab.0.left.0.0.3440.1440@120dpi" width="2191" height="406" />
    <size key="GridCell.Tab.0.center.0.0.3440.1440@120dpi" width="2191" height="406" />
    <size key="GridCell.Tab.0.right.0.0.3440.1440@120dpi" width="2191" height="406" />
    <size key="GridCell.Tab.0.bottom.0.0.3440.1440@120dpi" width="2191" height="406" />
    <size key="find.popup.0.0.3456.2234@192dpi" width="1290" height="1236" />
    <size key="find.popup.0.0.3456.2234@240dpi" width="1586" height="1364" />
    <size key="GridCell.Tab.0.left.0.0.3456.2234@240dpi" width="3252" height="604" />
    <size key="GridCell.Tab.0.center.0.0.3456.2234@240dpi" width="3252" height="604" />
    <size key="GridCell.Tab.0.right.0.0.3456.2234@240dpi" width="3252" height="604" />
    <size key="GridCell.Tab.0.bottom.0.0.3456.2234@240dpi" width="3252" height="604" />
    <size key="GridCell.Tab.0.left.0.0.3456.2234@288dpi" width="3168" height="446" />
    <size key="GridCell.Tab.0.center.0.0.3456.2234@288dpi" width="3168" height="446" />
    <size key="GridCell.Tab.0.right.0.0.3456.2234@288dpi" width="3168" height="446" />
    <size key="GridCell.Tab.0.bottom.0.0.3456.2234@288dpi" width="3168" height="446" />
    <size key="GridCell.Tab.1.left.0.0.3456.2234@240dpi" width="1606" height="580" />
    <size key="GridCell.Tab.1.center.0.0.3456.2234@240dpi" width="1606" height="580" />
    <size key="GridCell.Tab.1.right.0.0.3456.2234@240dpi" width="1606" height="580" />
    <size key="GridCell.Tab.1.bottom.0.0.3456.2234@240dpi" width="1606" height="580" />
    <size key="GridCell.Tab.0.right.0.0.3456.2234@192dpi" width="3368" height="656" />
    <size key="GridCell.Tab.0.left.0.0.3456.2234@192dpi" width="3368" height="656" />
    <size key="GridCell.Tab.0.center.0.0.3456.2234@192dpi" width="3368" height="656" />
    <size key="GridCell.Tab.0.bottom.0.0.3456.2234@192dpi" width="3368" height="656" />
    <size key="GridCell.Tab.1.left.0.0.3456.2234@192dpi" width="1684" height="806" />
    <size key="GridCell.Tab.1.center.0.0.3456.2234@192dpi" width="1684" height="806" />
    <size key="GridCell.Tab.1.right.0.0.3456.2234@192dpi" width="1684" height="806" />
    <size key="GridCell.Tab.1.bottom.0.0.3456.2234@192dpi" width="1684" height="806" />
    <size key="GridCell.Tab.1.left.0.0.3440.1440@120dpi" width="2191" height="406" />
    <size key="GridCell.Tab.1.center.0.0.3440.1440@120dpi" width="2191" height="406" />
    <size key="GridCell.Tab.1.right.0.0.3440.1440@120dpi" width="2191" height="406" />
    <size key="GridCell.Tab.1.bottom.0.0.3440.1440@120dpi" width="2191" height="406" />
    <size key="GridCell.Tab.0.left.0.0.3440.1440@144dpi" width="1658" height="379" />
    <size key="GridCell.Tab.0.center.0.0.3440.1440@144dpi" width="1658" height="379" />
    <size key="GridCell.Tab.0.right.0.0.3440.1440@144dpi" width="1658" height="379" />
    <size key="GridCell.Tab.0.bottom.0.0.3440.1440@144dpi" width="1658" height="379" />
    <size key="GridCell.Tab.1.left.0.0.3440.1440@144dpi" width="1069" height="524" />
    <size key="GridCell.Tab.1.center.0.0.3440.1440@144dpi" width="1069" height="524" />
    <size key="GridCell.Tab.1.right.0.0.3440.1440@144dpi" width="1069" height="524" />
    <size key="GridCell.Tab.1.bottom.0.0.3440.1440@144dpi" width="1069" height="524" />
    <size key="find.popup.0.0.3440.1440@144dpi" width="1173" height="703" />
    <size key="GridCell.Tab.0.left.0.0.3440.1440@168dpi" width="1576" height="392" />
    <size key="GridCell.Tab.0.center.0.0.3440.1440@168dpi" width="1576" height="392" />
    <size key="GridCell.Tab.0.right.0.0.3440.1440@168dpi" width="1576" height="392" />
    <size key="GridCell.Tab.0.bottom.0.0.3440.1440@168dpi" width="1576" height="392" />
    <size key="GridCell.Tab.0.left.0.0.3440.1440@192dpi" width="3276" height="622" />
    <size key="GridCell.Tab.0.center.0.0.3440.1440@192dpi" width="3276" height="622" />
    <size key="GridCell.Tab.0.right.0.0.3440.1440@192dpi" width="3276" height="622" />
    <size key="GridCell.Tab.0.bottom.0.0.3440.1440@192dpi" width="3276" height="622" />
    <size key="find.popup.0.0.3440.1440@168dpi" width="1087" height="1066" />
  </component>
  <component name="WindowManager">
    <frame x="0" y="38" width="1728" height="1079" extendedState="6" />
  </component>
  <component name="WindowStateApplicationService">
    <state width="795" height="677" key="ShowUsagesActions.dimensionServiceKey.ideScale=125" timestamp="1747280730717">
      <screen x="0" y="38" width="1728" height="1079" />
    </state>
    <state width="795" height="677" key="ShowUsagesActions.dimensionServiceKey.ideScale=125/0.38.1728.1079" timestamp="1747280730717" />
    <state x="864" y="532" width="1000" height="813" key="WELCOME_SCREEN.ideScale=125" timestamp="1752693857415">
      <screen x="0" y="38" width="1728" height="1079" />
    </state>
    <state x="1719" y="674" width="1991" height="1067" key="WELCOME_SCREEN.ideScale=125/0.25.3440.1415" timestamp="1752625791169" />
    <state x="864" y="532" width="1000" height="813" key="WELCOME_SCREEN.ideScale=125/0.38.1728.1079" timestamp="1752693857415" />
  </component>
</application>