<keymap version="1" name="OSX10 Custom" parent="Mac OS X 10.5+">
  <action id=":cursive.actions.paredit/backward">
    <keyboard-shortcut first-keystroke="ctrl alt b" />
    <keyboard-shortcut first-keystroke="ctrl h" />
  </action>
  <action id=":cursive.actions.paredit/backward-up">
    <keyboard-shortcut first-keystroke="ctrl alt up" />
    <keyboard-shortcut first-keystroke="ctrl k" />
  </action>
  <action id=":cursive.actions.paredit/barf-backwards">
    <keyboard-shortcut first-keystroke="shift alt open_bracket" />
  </action>
  <action id=":cursive.actions.paredit/barf-forwards">
    <keyboard-shortcut first-keystroke="shift alt close_bracket" />
  </action>
  <action id=":cursive.actions.paredit/close-curly-and-newline">
    <keyboard-shortcut first-keystroke="ctrl w" second-keystroke="shift braceright" />
  </action>
  <action id=":cursive.actions.paredit/close-paren-and-newline">
    <keyboard-shortcut first-keystroke="shift ctrl enter" />
  </action>
  <action id=":cursive.actions.paredit/close-square-and-newline">
    <keyboard-shortcut first-keystroke="ctrl w" second-keystroke="close_bracket" />
  </action>
  <action id=":cursive.actions.paredit/cycle-collection-type">
    <keyboard-shortcut first-keystroke="shift alt y" />
  </action>
  <action id=":cursive.actions.paredit/forward">
    <keyboard-shortcut first-keystroke="ctrl alt f" />
    <keyboard-shortcut first-keystroke="ctrl l" />
  </action>
  <action id=":cursive.actions.paredit/forward-down">
    <keyboard-shortcut first-keystroke="ctrl alt down" />
    <keyboard-shortcut first-keystroke="ctrl j" />
  </action>
  <action id=":cursive.actions.paredit/join">
    <keyboard-shortcut first-keystroke="alt j" />
  </action>
  <action id=":cursive.actions.paredit/kill" />
  <action id=":cursive.actions.paredit/kill-sexp">
    <keyboard-shortcut first-keystroke="alt k" />
  </action>
  <action id=":cursive.actions.paredit/move-form-down">
    <keyboard-shortcut first-keystroke="meta alt down" />
  </action>
  <action id=":cursive.actions.paredit/move-form-up">
    <keyboard-shortcut first-keystroke="meta alt up" />
  </action>
  <action id=":cursive.actions.paredit/raise">
    <keyboard-shortcut first-keystroke="alt r" />
  </action>
  <action id=":cursive.actions.paredit/slurp-backwards">
    <keyboard-shortcut first-keystroke="shift alt 9" />
  </action>
  <action id=":cursive.actions.paredit/slurp-forwards">
    <keyboard-shortcut first-keystroke="shift alt 0" />
  </action>
  <action id=":cursive.actions.paredit/splice-killing-backwards">
    <keyboard-shortcut first-keystroke="alt up" />
  </action>
  <action id=":cursive.actions.paredit/splice-killing-forwards">
    <keyboard-shortcut first-keystroke="alt down" />
  </action>
  <action id=":cursive.actions.paredit/split">
    <keyboard-shortcut first-keystroke="shift alt s" />
  </action>
  <action id=":cursive.actions.paredit/thread-form">
    <keyboard-shortcut first-keystroke="alt t" />
  </action>
  <action id=":cursive.actions.paredit/unthread-form">
    <keyboard-shortcut first-keystroke="alt u" />
    <keyboard-shortcut first-keystroke="shift alt u" />
  </action>
  <action id=":cursive.actions.paredit/wrap-paren">
    <keyboard-shortcut first-keystroke="shift meta 9" />
    <keyboard-shortcut first-keystroke="alt w" />
  </action>
  <action id=":cursive.actions.paredit/wrap-quotes">
    <keyboard-shortcut first-keystroke="ctrl w" second-keystroke="shift quotedbl" />
  </action>
  <action id=":cursive.actions.paredit/wrap-square">
    <keyboard-shortcut first-keystroke="alt open_bracket" />
  </action>
  <action id=":cursive.repl.actions/clear-repl">
    <keyboard-shortcut first-keystroke="shift alt c" />
  </action>
  <action id=":cursive.repl.actions/load-file">
    <keyboard-shortcut first-keystroke="shift alt l" />
  </action>
  <action id=":cursive.repl.actions/run-last-sexp">
    <keyboard-shortcut first-keystroke="alt p" />
  </action>
  <action id=":cursive.repl.actions/run-top-sexp">
    <keyboard-shortcut first-keystroke="shift alt p" />
  </action>
  <action id=":cursive.repl.actions/switch-namespace">
    <keyboard-shortcut first-keystroke="shift alt n" />
  </action>
  <action id=":cursive.repl.actions/sync-files" />
  <action id=":cursive.testing.actions/run-ns-tests">
    <keyboard-shortcut first-keystroke="ctrl c" second-keystroke="ctrl a" />
  </action>
  <action id=":cursive.testing.actions/run-single-test">
    <keyboard-shortcut first-keystroke="ctrl c" second-keystroke="ctrl t" />
  </action>
  <action id="ActivateBookmarksToolWindow" />
  <action id="ActivateFavoritesToolWindow" />
  <action id="ActivateFindToolWindow" />
  <action id="ActivateREPLToolWindow">
    <keyboard-shortcut first-keystroke="meta 2" />
    <keyboard-shortcut first-keystroke="shift meta 2" />
  </action>
  <action id="ActivateTerminalToolWindow">
    <keyboard-shortcut first-keystroke="meta 3" />
  </action>
  <action id="ActivateVersionControlToolWindow">
    <keyboard-shortcut first-keystroke="meta 9" />
  </action>
  <action id="AddToFavoritesPopup" />
  <action id="CloseAllEditorsButActive">
    <keyboard-shortcut first-keystroke="shift meta w" />
  </action>
  <action id="Copilot.RefreshAndCheckCurrentFile">
    <keyboard-shortcut first-keystroke="ctrl c" second-keystroke="shift ctrl c" />
  </action>
  <action id="Cursive.Repl.Command.(Re)start Dataico">
    <keyboard-shortcut first-keystroke="shift alt d" />
  </action>
  <action id="Cursive.Repl.Command.(Re)start user ns">
    <keyboard-shortcut first-keystroke="ctrl c" second-keystroke="ctrl g" />
  </action>
  <action id="Cursive.Repl.Command.Define Captured Scope">
    <keyboard-shortcut first-keystroke="shift alt d" />
  </action>
  <action id="Cursive.Repl.Command.Demo Command">
    <keyboard-shortcut first-keystroke="ctrl c" second-keystroke="ctrl d" />
  </action>
  <action id="Cursive.Repl.Command.Force reload current NS">
    <keyboard-shortcut first-keystroke="shift ctrl l" />
  </action>
  <action id="Cursive.Repl.Command.Go!">
    <keyboard-shortcut first-keystroke="alt g" />
  </action>
  <action id="Cursive.Repl.Command.Refresh All">
    <keyboard-shortcut first-keystroke="ctrl c" second-keystroke="l" />
  </action>
  <action id="Cursive.Repl.Command.Refresh all namespaces">
    <keyboard-shortcut first-keystroke="ctrl c" second-keystroke="l" />
  </action>
  <action id="Cursive.Repl.Command.Refresh all ns">
    <keyboard-shortcut first-keystroke="ctrl c" second-keystroke="l" />
  </action>
  <action id="Cursive.Repl.Command.Reload all nses">
    <keyboard-shortcut first-keystroke="shift ctrl alt l" />
  </action>
  <action id="Cursive.Repl.Command.Restart Devel">
    <keyboard-shortcut first-keystroke="shift alt d" />
  </action>
  <action id="Cursive.Repl.Command.Restart!">
    <keyboard-shortcut first-keystroke="ctrl c" second-keystroke="u" />
  </action>
  <action id="Cursive.Repl.Command.Run Focused Tests">
    <keyboard-shortcut first-keystroke="shift alt f" />
  </action>
  <action id="Cursive.Repl.Command.Run all tests">
    <keyboard-shortcut first-keystroke="shift alt a" />
  </action>
  <action id="Cursive.Repl.Command.Run all tests in REPL namespace">
    <keyboard-shortcut first-keystroke="shift alt a" />
  </action>
  <action id="Cursive.Repl.Command.Run all tests in ns">
    <keyboard-shortcut first-keystroke="shift alt a" />
  </action>
  <action id="Cursive.Repl.Command.Run focused tests">
    <keyboard-shortcut first-keystroke="shift alt f" />
  </action>
  <action id="Cursive.Repl.Command.Run tests">
    <keyboard-shortcut first-keystroke="shift alt a" />
  </action>
  <action id="Cursive.Repl.Command.Simple Server Restart">
    <keyboard-shortcut first-keystroke="ctrl c" second-keystroke="ctrl r" />
  </action>
  <action id="Cursive.Repl.Command.Start Development">
    <keyboard-shortcut first-keystroke="shift alt d" />
  </action>
  <action id="Diff.PrevChange">
    <keyboard-shortcut first-keystroke="ctrl left" />
  </action>
  <action id="DuplicatesForm.SendToRight" />
  <action id="EditorCutLineEnd" />
  <action id="EditorSelectWord" />
  <action id="EditorUnSelectWord" />
  <action id="FileChooser.GotoModule" />
  <action id="FileChooser.GotoProject" />
  <action id="GotoFile">
    <keyboard-shortcut first-keystroke="shift meta o" />
    <keyboard-shortcut first-keystroke="shift meta r" />
  </action>
  <action id="NextOccurence" />
  <action id="NextTab">
    <keyboard-shortcut first-keystroke="ctrl right" />
  </action>
  <action id="PasteMultiple" />
  <action id="PreviousOccurence" />
  <action id="PreviousTab">
    <keyboard-shortcut first-keystroke="ctrl left" />
  </action>
  <action id="QuickJavaDoc">
    <keyboard-shortcut first-keystroke="f1" />
    <mouse-shortcut keystroke="control button2" />
  </action>
  <action id="RecentChanges" />
  <action id="ReplaceInPath" />
  <action id="Run">
    <keyboard-shortcut first-keystroke="shift ctrl r" />
  </action>
  <action id="RunClass" />
  <action id="Scala.ShowImplicits">
    <keyboard-shortcut first-keystroke="shift ctrl alt equals" />
    <keyboard-shortcut first-keystroke="shift ctrl alt add" />
  </action>
  <action id="SwitchApply">
    <keyboard-shortcut first-keystroke="ctrl alt enter" />
  </action>
  <action id="SwitchDown">
    <keyboard-shortcut first-keystroke="ctrl alt down" />
  </action>
  <action id="SwitchLeft">
    <keyboard-shortcut first-keystroke="ctrl alt left" />
  </action>
  <action id="SwitchRight">
    <keyboard-shortcut first-keystroke="ctrl alt right" />
  </action>
  <action id="SwitchUp">
    <keyboard-shortcut first-keystroke="ctrl alt up" />
  </action>
  <action id="Terminal.ClearPrompt" />
  <action id="ToggleBookmark0" />
  <action id="ToggleBookmark9" />
  <action id="TypeHierarchy" />
  <action id="TypeHierarchyBase.BaseOnThisType" />
  <action id="VimPluginToggle">
    <keyboard-shortcut first-keystroke="shift meta v" />
  </action>
  <action id="cody.cycleBackAutocompleteAction">
    <keyboard-shortcut first-keystroke="ctrl open_bracket" />
  </action>
  <action id="cody.cycleForwardAutocompleteAction">
    <keyboard-shortcut first-keystroke="ctrl close_bracket" />
  </action>
  <action id="cody.editCodeAction">
    <keyboard-shortcut first-keystroke="ctrl alt enter" />
  </action>
  <action id="cody.fixup.codelens.diff">
    <keyboard-shortcut first-keystroke="ctrl alt k" />
  </action>
  <action id="cody.fixup.codelens.retry">
    <keyboard-shortcut first-keystroke="ctrl alt t" />
  </action>
  <action id="cody.fixup.codelens.undo">
    <keyboard-shortcut first-keystroke="ctrl alt x" />
  </action>
  <action id="cody.inlineEditEditCode">
    <keyboard-shortcut first-keystroke="meta enter" />
  </action>
  <action id="cody.newChat" />
  <action id="cody.openChat" />
  <action id="cody.testCodeAction">
    <keyboard-shortcut first-keystroke="ctrl alt g" />
  </action>
  <action id="cody.triggerAutocomplete">
    <keyboard-shortcut first-keystroke="alt back_slash" />
  </action>
  <action id="copilot.disposeInlays" />
</keymap>